<?xml version="1.0" encoding="utf-8"?>
<!DOCTYPE hibernate-mapping PUBLIC "-//Hibernate/Hibernate Mapping DTD 3.0//EN"
"http://hibernate.sourceforge.net/hibernate-mapping-3.0.dtd">
<!-- 
    Mapping file autogenerated by MyEclipse Persistence Tools
-->
<hibernate-mapping>
    <class name="com.amzblog.model.Admin" table="admin" catalog="amzblog_db">
        <id name="adminId" type="java.lang.Integer">
            <column name="AdminID" />
            <generator class="native" />
        </id>
        <property name="adminUsername" type="java.lang.String">
            <column name="AdminUsername" length="32" not-null="true" />
        </property>
        <property name="adminPassword" type="java.lang.String">
            <column name="AdminPassword" not-null="true" />
        </property>
        <property name="adminNickname" type="java.lang.String">
            <column name="AdminNickname" length="32" not-null="true" />
        </property>
    </class>
</hibernate-mapping>
