<?xml version="1.0" encoding="utf-8"?>
<!DOCTYPE hibernate-mapping PUBLIC "-//Hibernate/Hibernate Mapping DTD 3.0//EN"
"http://hibernate.sourceforge.net/hibernate-mapping-3.0.dtd">
<!-- 
    Mapping file autogenerated by MyEclipse Persistence Tools
-->
<hibernate-mapping>
    <class name="com.amzblog.model.Blog" table="blog" catalog="amzblog_db">
        <id name="blogId" type="java.lang.Integer">
            <column name="BlogID" />
            <generator class="native" />
        </id>
        <many-to-one name="user" class="com.amzblog.model.User" fetch="select">
            <column name="UserID" not-null="true" />
        </many-to-one>
        <property name="blogTitle" type="java.lang.String">
            <column name="BlogTitle" length="32" not-null="true" />
        </property>
        <property name="blogContent" type="java.lang.String">
            <column name="BlogContent" length="65535" />
        </property>
        <property name="blogContentHtml" type="java.lang.String">
            <column name="BlogContentHtml" length="65535" />
        </property>
        <property name="blogCreateTime" type="java.sql.Timestamp">
            <column name="BlogCreateTime" length="19" not-null="true" />
        </property>
        <set name="comments" inverse="true">
            <key>
                <column name="BlogID" not-null="true" />
            </key>
            <one-to-many class="com.amzblog.model.Comment" />
        </set>
    </class>
</hibernate-mapping>
