<?xml version="1.0" encoding="utf-8"?>
<!DOCTYPE hibernate-mapping PUBLIC "-//Hibernate/Hibernate Mapping DTD 3.0//EN"
"http://hibernate.sourceforge.net/hibernate-mapping-3.0.dtd">
<!-- 
    Mapping file autogenerated by MyEclipse Persistence Tools
-->
<hibernate-mapping>
    <class name="com.amzblog.model.Comment" table="comment" catalog="amzblog_db">
        <id name="commId" type="java.lang.Integer">
            <column name="CommID" />
            <generator class="native" />
        </id>
        <many-to-one name="user" class="com.amzblog.model.User" fetch="select">
            <column name="UserID" not-null="true" />
        </many-to-one>
        <many-to-one name="blog" class="com.amzblog.model.Blog" fetch="select">
            <column name="BlogID" not-null="true" />
        </many-to-one>
        <property name="commContent" type="java.lang.String">
            <column name="CommContent" not-null="true" />
        </property>
        <property name="commCreateTime" type="java.sql.Timestamp">
            <column name="CommCreateTime" length="19" not-null="true" />
        </property>
    </class>
</hibernate-mapping>
