<?xml version="1.0" encoding="utf-8"?>
<!DOCTYPE hibernate-mapping PUBLIC "-//Hibernate/Hibernate Mapping DTD 3.0//EN"
"http://hibernate.sourceforge.net/hibernate-mapping-3.0.dtd">
<!-- 
    Mapping file autogenerated by MyEclipse Persistence Tools
-->
<hibernate-mapping>
    <class name="com.amzblog.model.Feeling" table="feeling" catalog="amzblog_db">
        <id name="feelId" type="java.lang.Integer">
            <column name="FeelID" />
            <generator class="native" />
        </id>
        <many-to-one name="user" class="com.amzblog.model.User" fetch="select">
            <column name="UserID" not-null="true" />
        </many-to-one>
        <property name="feelContent" type="java.lang.String">
            <column name="FeelContent" not-null="true" />
        </property>
        <property name="feelCreateTime" type="java.sql.Timestamp">
            <column name="FeelCreateTime" length="19" not-null="true" />
        </property>
    </class>
</hibernate-mapping>
