<?xml version="1.0" encoding="utf-8"?>
<!DOCTYPE hibernate-mapping PUBLIC "-//Hibernate/Hibernate Mapping DTD 3.0//EN"
"http://hibernate.sourceforge.net/hibernate-mapping-3.0.dtd">
<!-- 
    Mapping file autogenerated by MyEclipse Persistence Tools
-->
<hibernate-mapping>
    <class name="com.amzblog.model.Friendship" table="friendship" catalog="amzblog_db">
        <id name="friendshipId" type="java.lang.Integer">
            <column name="FriendshipID" />
            <generator class="native" />
        </id>
        <many-to-one name="userByFriendId" class="com.amzblog.model.User" fetch="select">
            <column name="FriendID" not-null="true" />
        </many-to-one>
        <many-to-one name="userByUserId" class="com.amzblog.model.User" fetch="select">
            <column name="UserID" not-null="true" />
        </many-to-one>
    </class>
</hibernate-mapping>
