<?xml version="1.0" encoding="utf-8"?>
<!DOCTYPE hibernate-mapping PUBLIC "-//Hibernate/Hibernate Mapping DTD 3.0//EN"
"http://hibernate.sourceforge.net/hibernate-mapping-3.0.dtd">
<!-- 
    Mapping file autogenerated by MyEclipse Persistence Tools
-->
<hibernate-mapping>
    <class name="com.amzblog.model.Message" table="message" catalog="amzblog_db">
        <id name="msgId" type="java.lang.Integer">
            <column name="MsgID" />
            <generator class="native" />
        </id>
        <many-to-one name="user" class="com.amzblog.model.User" fetch="select">
            <column name="UserID" not-null="true" />
        </many-to-one>
        <property name="msgContent" type="java.lang.String">
            <column name="MsgContent" not-null="true" />
        </property>
        <property name="msgCreateTime" type="java.sql.Timestamp">
            <column name="MsgCreateTime" length="19" not-null="true" />
        </property>
        <set name="msgboxes" inverse="true">
            <key>
                <column name="MsgID" not-null="true" />
            </key>
            <one-to-many class="com.amzblog.model.Msgbox" />
        </set>
    </class>
</hibernate-mapping>
