<?xml version="1.0" encoding="utf-8"?>
<!DOCTYPE hibernate-mapping PUBLIC "-//Hibernate/Hibernate Mapping DTD 3.0//EN"
"http://hibernate.sourceforge.net/hibernate-mapping-3.0.dtd">
<!-- 
    Mapping file autogenerated by MyEclipse Persistence Tools.
-->
<hibernate-mapping>
    <class name="com.amzblog.model.Msgbox" table="msgbox" catalog="amzblog_db">
        <id name="msgBoxId" type="java.lang.Integer">
            <column name="MsgBoxID" />
            <generator class="native" />
        </id>
        <many-to-one name="user" class="com.amzblog.model.User" fetch="select">
            <column name="UserID" not-null="true" />
        </many-to-one>
        <many-to-one name="message" class="com.amzblog.model.Message" fetch="select">
            <column name="MsgID" not-null="true" />
        </many-to-one>
    </class>
</hibernate-mapping>
