<?xml version="1.0" encoding="utf-8"?>
<!DOCTYPE hibernate-mapping PUBLIC "-//Hibernate/Hibernate Mapping DTD 3.0//EN"
"http://hibernate.sourceforge.net/hibernate-mapping-3.0.dtd">
<!-- 
    Mapping file autogenerated by MyEclipse Persistence Tools
-->
<hibernate-mapping>
    <class name="com.amzblog.model.User" table="user" catalog="amzblog_db">
        <id name="userId" type="java.lang.Integer">
            <column name="UserID" />
            <generator class="native" />
        </id>
        <property name="username" type="java.lang.String">
            <column name="Username" length="32" not-null="true" />
        </property>
        <property name="userPassword" type="java.lang.String">
            <column name="UserPassword" not-null="true" />
        </property>
        <property name="userNickname" type="java.lang.String">
            <column name="UserNickname" length="32" not-null="true" />
        </property>
        <property name="userSex" type="java.lang.String">
            <column name="UserSex" length="2" />
        </property>
        <property name="userAge" type="java.lang.Short">
            <column name="UserAge" />
        </property>
        <property name="userBirthdate" type="java.util.Date">
            <column name="UserBirthdate" length="10" />
        </property>
        <property name="userSelfie" type="java.lang.String">
            <column name="UserSelfie" />
        </property>
        <property name="userEmailAddr" type="java.lang.String">
            <column name="UserEmailAddr" length="64" />
        </property>
        <property name="userBlogAddr" type="java.lang.String">
            <column name="UserBlogAddr" length="64" not-null="true" />
        </property>
        <property name="userWechat" type="java.lang.String">
            <column name="UserWechat" length="32" />
        </property>
        <property name="userQq" type="java.lang.String">
            <column name="UserQQ" length="32" />
        </property>
        <property name="userPhone" type="java.lang.String">
            <column name="UserPhone" length="32" />
        </property>
        <set name="feelings" inverse="true">
            <key>
                <column name="UserID" not-null="true" />
            </key>
            <one-to-many class="com.amzblog.model.Feeling" />
        </set>
<!--         <set name="friendshipsForFriendId" inverse="true"> -->
<!--             <key> -->
<!--                 <column name="FriendID" not-null="true" /> -->
<!--             </key> -->
<!--             <one-to-many class="com.amzblog.model.Friendship" /> -->
<!--         </set> -->
        <set name="friendshipsForUserId" inverse="true">
            <key>
                <column name="UserID" not-null="true" />
            </key>
            <one-to-many class="com.amzblog.model.Friendship" />
        </set>
        <set name="comments" inverse="true">
            <key>
                <column name="UserID" not-null="true" />
            </key>
            <one-to-many class="com.amzblog.model.Comment" />
        </set>
        <set name="messages" inverse="true">
            <key>
                <column name="UserID" not-null="true" />
            </key>
            <one-to-many class="com.amzblog.model.Message" />
        </set>
        <set name="zones" inverse="true">
            <key>
                <column name="UserID" not-null="true" />
            </key>
            <one-to-many class="com.amzblog.model.Zone" />
        </set>
        <set name="msgboxes" inverse="true">
            <key>
                <column name="UserID" not-null="true" />
            </key>
            <one-to-many class="com.amzblog.model.Msgbox" />
        </set>
        <set name="blogs" inverse="true">
            <key>
                <column name="UserID" not-null="true" />
            </key>
            <one-to-many class="com.amzblog.model.Blog" />
        </set>
    </class>
</hibernate-mapping>
