<?xml version="1.0" encoding="utf-8"?>
<!DOCTYPE hibernate-mapping PUBLIC "-//Hibernate/Hibernate Mapping DTD 3.0//EN"
"http://hibernate.sourceforge.net/hibernate-mapping-3.0.dtd">
<!-- 
    Mapping file autogenerated by MyEclipse Persistence Tools
-->
<hibernate-mapping>
    <class name="com.amzblog.model.Visitor" table="visitor" catalog="amzblog_db">
        <id name="visitorId" type="java.lang.Integer">
            <column name="VisitorID" />
            <generator class="native" />
        </id>
        <property name="remoteAddr" type="java.lang.String">
            <column name="RemoteAddr" />
        </property>
        <property name="visitTime" type="java.sql.Timestamp">
            <column name="VisitTime" length="19" />
        </property>
        <property name="localAddr" type="java.lang.String">
            <column name="LocalAddr" />
        </property>
        <property name="remoteHost" type="java.lang.String">
            <column name="RemoteHost" />
        </property>
    </class>
</hibernate-mapping>
