<?xml version="1.0" encoding="utf-8"?>
<!DOCTYPE hibernate-mapping PUBLIC "-//Hibernate/Hibernate Mapping DTD 3.0//EN"
"http://hibernate.sourceforge.net/hibernate-mapping-3.0.dtd">
<!-- 
    Mapping file autogenerated by MyEclipse Persistence Tools
-->
<hibernate-mapping>
    <class name="com.amzblog.model.Zone" table="zone" catalog="amzblog_db" 
    	dynamic-insert="true" dynamic-update="true">
        <id name="zoneId" type="java.lang.Integer">
            <column name="ZoneID" />
            <generator class="native" />
        </id>
        <many-to-one name="user" class="com.amzblog.model.User" fetch="select">
            <column name="UserID" not-null="true" />
        </many-to-one>
        <property name="zoneName" type="java.lang.String">
            <column name="ZoneName" length="32" not-null="true" />
        </property>
        <property name="zoneCreateDate" type="java.util.Date">
            <column name="ZoneCreateDate" length="10" not-null="true" />
        </property>
        <property name="zoneStyle" type="java.lang.String">
        	<column name="ZoneStyle" length="255" />
        </property>
    </class>
</hibernate-mapping>
